client timestamp,button,state,x,y
15,NoButton,Move,574,691
35,NoButton,Move,575,703
234,NoButton,Move,576,703
243,NoButton,Move,582,696
254,NoButton,Move,593,683
267,NoButton,Move,628,646
280,NoButton,Move,684,590
293,NoButton,Move,775,495
306,NoButton,Move,882,383
320,NoButton,Move,992,268
332,NoButton,Move,1104,153
345,NoButton,Move,1211,54
358,NoButton,Move,1309,-35
371,NoButton,Move,1388,-68
385,NoButton,Move,1416,-23
410,NoButton,Move,1426,-5
424,NoButton,Move,1439,-10
616,Left,Pressed,1439,0
816,Left,Released,1439,0
1337,NoButton,Move,1437,0
1349,NoButton,Move,1431,0
1362,NoButton,Move,1423,1
1375,NoButton,Move,1417,3
1388,NoButton,Move,1408,8
1401,NoButton,Move,1397,16
1414,NoButton,Move,1369,39
1427,NoButton,Move,1336,69
1440,NoButton,Move,1304,103
1453,NoButton,Move,1271,140
1466,NoButton,Move,1238,179
1479,NoButton,Move,1200,220
1492,NoButton,Move,1159,268
1505,NoButton,Move,1118,312
1518,NoButton,Move,1078,359
1531,NoButton,Move,1037,401
1544,NoButton,Move,997,446
1557,NoButton,Move,954,493
1570,NoButton,Move,910,541
1583,NoButton,Move,867,588
1596,NoButton,Move,826,637
1609,NoButton,Move,787,684
1622,NoButton,Move,774,703
1635,NoButton,Move,753,734
1661,NoButton,Move,729,784
1674,NoButton,Move,720,804
1894,NoButton,Move,724,803
1907,NoButton,Move,732,798
1920,NoButton,Move,760,787
1933,NoButton,Move,815,769
1947,NoButton,Move,874,755
1960,NoButton,Move,937,745
1985,NoButton,Move,992,743
1998,NoButton,Move,1008,743
3049,NoButton,Move,1009,742
3061,NoButton,Move,1011,739
3074,NoButton,Move,1023,727
3087,NoButton,Move,1086,680
3100,NoButton,Move,1164,626
3113,NoButton,Move,1261,564
3126,NoButton,Move,1371,498
3139,NoButton,Move,1494,434
3152,NoButton,Move,1619,373
3165,NoButton,Move,1744,319
3178,NoButton,Move,1864,272
3191,NoButton,Move,1969,235
3206,NoButton,Move,2064,208
3218,NoButton,Move,2144,189
3230,NoButton,Move,2171,182
3243,NoButton,Move,2233,166
3257,NoButton,Move,2265,157
3269,NoButton,Move,2306,144
3282,NoButton,Move,2316,141
3295,NoButton,Move,2326,138
3308,NoButton,Move,2341,134
3321,NoButton,Move,2353,133
3334,NoButton,Move,2361,132
3347,NoButton,Move,2367,132
3360,NoButton,Move,2371,132
3373,NoButton,Move,2373,131
3386,NoButton,Move,2373,131
3399,NoButton,Move,2374,131
3749,Left,Pressed,2374,131
3983,NoButton,Drag,2373,131
3996,NoButton,Drag,2373,131
4048,NoButton,Drag,2372,131
4061,NoButton,Drag,2372,131
4087,NoButton,Drag,2371,131
4100,NoButton,Drag,2370,131
4113,NoButton,Drag,2369,131
4126,NoButton,Drag,2367,131
4139,NoButton,Drag,2367,131
4152,NoButton,Drag,2366,131
4178,NoButton,Drag,2366,131
4230,NoButton,Drag,2365,131
4245,NoButton,Drag,2364,131
4270,NoButton,Drag,2364,131
4283,NoButton,Drag,2363,132
4294,NoButton,Drag,2360,132
4307,NoButton,Drag,2358,133
4320,NoButton,Drag,2353,136
4333,NoButton,Drag,2351,137
4346,NoButton,Drag,2349,139
4359,NoButton,Drag,2349,139
4372,NoButton,Drag,2348,140
4411,NoButton,Drag,2348,140
4424,NoButton,Drag,2348,140
4489,NoButton,Drag,2348,142
4502,NoButton,Drag,2352,142
4515,NoButton,Drag,2366,141
4528,NoButton,Drag,2387,137
4541,NoButton,Drag,2426,130
4554,NoButton,Drag,2469,121
4567,NoButton,Drag,2512,114
4580,NoButton,Drag,2543,109
4593,NoButton,Drag,2566,106
4606,NoButton,Drag,2580,101
4619,NoButton,Drag,2593,97
4632,NoButton,Drag,2601,92
4645,NoButton,Drag,2607,89
4658,NoButton,Drag,2609,89
4671,NoButton,Drag,2610,89
4684,NoButton,Drag,2610,89
4697,NoButton,Drag,2608,94
4710,NoButton,Drag,2597,103
4723,NoButton,Drag,2564,123
4736,NoButton,Drag,2544,132
4749,NoButton,Drag,2508,146
4762,NoButton,Drag,2466,163
4775,NoButton,Drag,2385,194
4788,NoButton,Drag,2303,227
4801,NoButton,Drag,2216,261
4814,NoButton,Drag,2129,297
4827,NoButton,Drag,2042,330
4840,NoButton,Drag,1960,363
4855,NoButton,Drag,1878,396
4866,NoButton,Drag,1801,427
4879,NoButton,Drag,1730,459
4892,NoButton,Drag,1659,490
4905,NoButton,Drag,1598,517
4918,NoButton,Drag,1551,539
4931,NoButton,Drag,1515,553
4944,NoButton,Drag,1492,562
4957,NoButton,Drag,1478,565
4970,NoButton,Drag,1471,567
4983,NoButton,Drag,1467,567
4997,NoButton,Drag,1465,567
5009,NoButton,Drag,1464,567
5023,NoButton,Drag,1464,566
5035,NoButton,Drag,1469,556
5048,NoButton,Drag,1495,528
5061,NoButton,Drag,1553,477
5074,NoButton,Drag,1618,429
5087,NoButton,Drag,1696,380
5100,NoButton,Drag,1779,335
5113,NoButton,Drag,1861,295
5126,NoButton,Drag,1940,266
5139,NoButton,Drag,1964,260
5152,NoButton,Drag,1996,255
5165,NoButton,Drag,2015,255
5178,NoButton,Drag,2052,262
5191,NoButton,Drag,2070,271
5204,NoButton,Drag,2081,288
5217,NoButton,Drag,2085,324
5231,NoButton,Drag,2076,383
5243,NoButton,Drag,2047,456
5258,NoButton,Drag,2010,533
5269,NoButton,Drag,1961,609
5282,NoButton,Drag,1913,676
5297,NoButton,Drag,1858,742
5309,NoButton,Drag,1802,800
5321,NoButton,Drag,1739,857
5334,NoButton,Drag,1666,908
5347,NoButton,Drag,1592,945
5360,NoButton,Drag,1526,968
5373,NoButton,Drag,1502,974
5386,NoButton,Drag,1474,978
5399,NoButton,Drag,1456,977
5412,NoButton,Drag,1414,968
5425,NoButton,Drag,1390,957
5438,NoButton,Drag,1368,938
5451,NoButton,Drag,1356,916
5464,NoButton,Drag,1348,877
5477,NoButton,Drag,1355,832
5490,NoButton,Drag,1377,777
5503,NoButton,Drag,1406,726
5517,NoButton,Drag,1442,677
5529,NoButton,Drag,1485,632
5542,NoButton,Drag,1543,587
5555,NoButton,Drag,1562,574
5568,NoButton,Drag,1594,552
5581,NoButton,Drag,1620,539
5594,NoButton,Drag,1684,512
5607,NoButton,Drag,1727,499
5620,NoButton,Drag,1775,489
5633,NoButton,Drag,1820,484
5646,NoButton,Drag,1858,482
5659,NoButton,Drag,1897,483
5672,NoButton,Drag,1932,491
5685,NoButton,Drag,1965,504
5698,NoButton,Drag,1997,521
5711,NoButton,Drag,2024,542
5724,NoButton,Drag,2047,564
5737,NoButton,Drag,2064,581
5750,NoButton,Drag,2079,601
5763,NoButton,Drag,2090,617
5776,NoButton,Drag,2098,635
5789,NoButton,Drag,2100,645
5802,NoButton,Drag,2102,652
5815,NoButton,Drag,2102,655
5828,NoButton,Drag,2102,657
5841,NoButton,Drag,2098,661
5854,NoButton,Drag,2093,664
5867,NoButton,Drag,2088,666
5880,NoButton,Drag,2079,668
5893,NoButton,Drag,2072,669
5906,NoButton,Drag,2066,669
5919,NoButton,Drag,2060,670
5932,NoButton,Drag,2057,670
5945,NoButton,Drag,2056,670
5958,NoButton,Drag,2055,670
5971,NoButton,Drag,2055,670
5984,NoButton,Drag,2054,670
6062,Left,Released,2054,670
6408,NoButton,Move,2052,670
6422,NoButton,Move,2044,670
6434,NoButton,Move,2023,666
6447,NoButton,Move,1966,654
6460,NoButton,Move,1905,639
6473,NoButton,Move,1830,624
6487,NoButton,Move,1758,614
6499,NoButton,Move,1692,607
6512,NoButton,Move,1648,604
6525,NoButton,Move,1615,600
6538,NoButton,Move,1595,599
6564,NoButton,Move,1589,598
6577,NoButton,Move,1588,597
6901,NoButton,Move,1592,597
6913,NoButton,Move,1603,593
6926,NoButton,Move,1622,588
6939,NoButton,Move,1650,578
6952,NoButton,Move,1680,568
6965,NoButton,Move,1713,560
6978,NoButton,Move,1746,549
6991,NoButton,Move,1778,539
7005,NoButton,Move,1809,529
7017,NoButton,Move,1832,518
7046,NoButton,Move,1840,514
7056,NoButton,Move,1844,512
7069,NoButton,Move,1844,512
7305,NoButton,Move,1845,512
7317,NoButton,Move,1847,511
7329,NoButton,Move,1852,509
7341,NoButton,Move,1861,505
7354,NoButton,Move,1872,500
7367,NoButton,Move,1881,497
7379,NoButton,Move,1891,493
7392,NoButton,Move,1900,489
7405,NoButton,Move,1907,485
7418,NoButton,Move,1914,481
7431,NoButton,Move,1919,480
7444,NoButton,Move,1923,478
7458,NoButton,Move,1925,477
7470,NoButton,Move,1925,477
7535,NoButton,Move,1926,476
7548,NoButton,Move,1926,476
7653,NoButton,Move,1926,475
7692,NoButton,Move,1926,475
7705,NoButton,Move,1927,475
7744,NoButton,Move,1927,475
7757,NoButton,Move,1926,474
7770,NoButton,Move,1925,474
7796,NoButton,Move,1925,474
7822,NoButton,Move,1924,474
7835,NoButton,Move,1924,474
7848,NoButton,Move,1923,474
7861,NoButton,Move,1923,473
7874,NoButton,Move,1923,473
7887,NoButton,Move,1922,473
7900,NoButton,Move,1921,473
7965,NoButton,Move,1921,473
7977,NoButton,Move,1920,472
7991,NoButton,Move,1920,471
8004,NoButton,Move,1919,471
8017,NoButton,Move,1919,470
8030,NoButton,Move,1918,470
8095,NoButton,Move,1917,470
8108,NoButton,Move,1917,470
8120,NoButton,Move,1916,470
8134,NoButton,Move,1916,470
8146,NoButton,Move,1915,470
8159,NoButton,Move,1915,470
8172,NoButton,Move,1914,470
8186,NoButton,Move,1913,470
8199,NoButton,Move,1911,470
8211,NoButton,Move,1909,470
8224,NoButton,Move,1907,470
8237,NoButton,Move,1906,470
8250,NoButton,Move,1905,470
8264,NoButton,Move,1904,470
8279,NoButton,Move,1904,470
8289,NoButton,Move,1903,470
8419,NoButton,Move,1903,470
8432,NoButton,Move,1903,470
8446,NoButton,Move,1904,470
8459,NoButton,Move,1905,470
8471,NoButton,Move,1906,470
8484,NoButton,Move,1910,469
8497,NoButton,Move,1913,469
8510,NoButton,Move,1916,468
8523,NoButton,Move,1918,468
8536,NoButton,Move,1919,467
8549,NoButton,Move,1920,467
8575,NoButton,Move,1920,467
8913,NoButton,Move,1920,467
8991,NoButton,Move,1920,466
9004,NoButton,Move,1920,466
9244,Left,Pressed,1920,466
9483,NoButton,Drag,1920,467
9496,NoButton,Drag,1920,471
9509,NoButton,Drag,1920,481
9522,NoButton,Drag,1920,492
9535,NoButton,Drag,1920,503
9548,NoButton,Drag,1921,514
9561,NoButton,Drag,1923,523
9574,NoButton,Drag,1924,534
9587,NoButton,Drag,1927,543
9600,NoButton,Drag,1929,554
9613,NoButton,Drag,1932,564
9626,NoButton,Drag,1934,575
9639,NoButton,Drag,1935,583
9652,NoButton,Drag,1937,594
9665,NoButton,Drag,1938,601
9678,NoButton,Drag,1940,610
9691,NoButton,Drag,1943,635
9704,NoButton,Drag,1944,638
9717,NoButton,Drag,1944,643
9730,NoButton,Drag,1945,648
9769,NoButton,Drag,1946,649
9782,NoButton,Drag,1946,652
9795,NoButton,Drag,1945,654
9808,NoButton,Drag,1945,654
9821,NoButton,Drag,1944,655
9834,NoButton,Drag,1943,655
9860,NoButton,Drag,1943,655
9873,NoButton,Drag,1943,655
9899,Left,Released,1943,655
9977,NoButton,Move,1943,655
10183,NoButton,Move,1943,654
10196,NoButton,Move,1942,653
10209,NoButton,Move,1940,651
10222,NoButton,Move,1940,648
10235,NoButton,Move,1940,647
10248,NoButton,Move,1938,642
10261,NoButton,Move,1937,636
10274,NoButton,Move,1936,632
10287,NoButton,Move,1934,626
10301,NoButton,Move,1932,620
10314,NoButton,Move,1932,617
10327,NoButton,Move,1931,614
10339,NoButton,Move,1931,613
10352,NoButton,Move,1931,610
10367,NoButton,Move,1931,608
10385,NoButton,Move,1932,606
10395,NoButton,Move,1933,604
10404,NoButton,Move,1933,604
10417,NoButton,Move,1933,603
10430,NoButton,Move,1934,602
10443,NoButton,Move,1934,601
10456,NoButton,Move,1936,600
10469,NoButton,Move,1937,598
10482,NoButton,Move,1941,594
10495,NoButton,Move,1945,589
10508,NoButton,Move,1947,586
10521,NoButton,Move,1949,584
10534,NoButton,Move,1949,582
10547,NoButton,Move,1949,582
10560,NoButton,Move,1950,581
10572,NoButton,Move,1950,580
10585,NoButton,Move,1950,578
10599,NoButton,Move,1950,576
10612,NoButton,Move,1950,575
10625,NoButton,Move,1949,574
10638,NoButton,Move,1947,573
10651,NoButton,Move,1945,572
10664,NoButton,Move,1941,571
10676,NoButton,Move,1933,568
10690,NoButton,Move,1926,567
10702,NoButton,Move,1915,567
10715,NoButton,Move,1905,567
10728,NoButton,Move,1890,568
10742,NoButton,Move,1873,570
10754,NoButton,Move,1863,572
10768,NoButton,Move,1854,574
10780,NoButton,Move,1843,576
10794,NoButton,Move,1826,580
10807,NoButton,Move,1810,583
10819,NoButton,Move,1798,585
10832,NoButton,Move,1789,587
10845,NoButton,Move,1779,589
10858,NoButton,Move,1775,590
10871,NoButton,Move,1773,590
10884,NoButton,Move,1771,590
10898,NoButton,Move,1770,591
10911,NoButton,Move,1770,591
10924,NoButton,Move,1769,591
10937,NoButton,Move,1768,591
11311,NoButton,Move,1767,591
11325,NoButton,Move,1763,591
11339,NoButton,Move,1756,591
11351,NoButton,Move,1748,590
11363,NoButton,Move,1740,590
11377,NoButton,Move,1732,589
11390,NoButton,Move,1724,588
11403,NoButton,Move,1716,587
11415,NoButton,Move,1706,586
11428,NoButton,Move,1697,586
11441,NoButton,Move,1687,585
11454,NoButton,Move,1678,585
11467,NoButton,Move,1669,585
11480,NoButton,Move,1661,585
11493,NoButton,Move,1654,585
11506,NoButton,Move,1650,585
11519,NoButton,Move,1648,585
11532,NoButton,Move,1644,585
11545,NoButton,Move,1642,585
11558,NoButton,Move,1641,585
11571,NoButton,Move,1640,585
11584,NoButton,Move,1640,585
11636,NoButton,Move,1641,585
11649,NoButton,Move,1648,585
11662,NoButton,Move,1664,585
11674,NoButton,Move,1675,585
11688,NoButton,Move,1689,585
11700,NoButton,Move,1706,584
11713,NoButton,Move,1750,580
11726,NoButton,Move,1786,577
11740,NoButton,Move,1826,569
11753,NoButton,Move,1855,565
11765,NoButton,Move,1879,560
11778,NoButton,Move,1897,558
11791,NoButton,Move,1907,555
11805,NoButton,Move,1916,553
11818,NoButton,Move,1921,552
11831,NoButton,Move,1924,552
11845,NoButton,Move,1924,552
11857,NoButton,Move,1925,552
11870,NoButton,Move,1925,552
11922,NoButton,Move,1926,552
11948,NoButton,Move,1926,552
11960,NoButton,Move,1927,551
11973,NoButton,Move,1928,551
11986,NoButton,Move,1928,550
11999,NoButton,Move,1929,550
12012,NoButton,Move,1929,550
12064,NoButton,Move,1929,549
12077,NoButton,Move,1928,548
12091,NoButton,Move,1927,548
12103,NoButton,Move,1926,547
12118,NoButton,Move,1924,547
12129,NoButton,Move,1920,546
12142,NoButton,Move,1918,545
12156,NoButton,Move,1915,545
12168,NoButton,Move,1913,545
12182,NoButton,Move,1911,545
12195,NoButton,Move,1910,545
12207,NoButton,Move,1908,544
12220,NoButton,Move,1907,544
12233,NoButton,Move,1906,543
12260,NoButton,Move,1906,543
12272,NoButton,Move,1906,543
12312,NoButton,Move,1905,543
12325,NoButton,Move,1905,542
12350,NoButton,Move,1904,542
12377,NoButton,Move,1903,542
12393,NoButton,Move,1902,542
12404,NoButton,Move,1902,542
12416,NoButton,Move,1901,542
12493,NoButton,Move,1901,542
12506,NoButton,Move,1901,542
12519,NoButton,Move,1903,541
12532,NoButton,Move,1903,541
12546,NoButton,Move,1904,541
12558,NoButton,Move,1904,541
12571,NoButton,Move,1905,541
12584,NoButton,Move,1907,541
12597,NoButton,Move,1907,541
12610,NoButton,Move,1908,541
12623,NoButton,Move,1908,541
12649,NoButton,Move,1909,541
12662,NoButton,Move,1909,541
12688,NoButton,Move,1910,541
12728,NoButton,Move,1910,541
12766,NoButton,Move,1911,541
12792,NoButton,Move,1911,542
12870,NoButton,Move,1911,542
12884,NoButton,Move,1912,542
12896,NoButton,Move,1913,542
12909,NoButton,Move,1914,542
12935,NoButton,Move,1914,542
12949,NoButton,Move,1915,542
12987,NoButton,Move,1915,542
13065,NoButton,Move,1916,542
13078,NoButton,Move,1917,542
13105,NoButton,Move,1918,542
13132,NoButton,Move,1918,542
13182,NoButton,Move,1919,542
13273,NoButton,Move,1919,542
13286,NoButton,Move,1919,542
13419,NoButton,Move,1919,542
13430,NoButton,Move,1919,541
13650,Left,Pressed,1919,541
13870,NoButton,Drag,1918,543
13882,NoButton,Drag,1916,549
13896,NoButton,Drag,1911,562
13909,NoButton,Drag,1909,569
13922,NoButton,Drag,1901,614
13935,NoButton,Drag,1901,614
13948,NoButton,Drag,1901,620
13961,NoButton,Drag,1901,640
13974,NoButton,Drag,1903,647
13986,NoButton,Drag,1909,674
14001,NoButton,Drag,1910,679
14014,NoButton,Drag,1913,694
14026,NoButton,Drag,1915,700
14040,NoButton,Drag,1919,713
14052,NoButton,Drag,1925,733
14065,NoButton,Drag,1926,737
14078,NoButton,Drag,1929,746
14091,NoButton,Drag,1931,752
14104,NoButton,Drag,1933,761
14117,NoButton,Drag,1934,764
14129,NoButton,Drag,1935,767
14143,NoButton,Drag,1936,770
14158,NoButton,Drag,1937,774
14169,NoButton,Drag,1937,776
14181,NoButton,Drag,1937,779
14194,NoButton,Drag,1937,784
14208,NoButton,Drag,1936,805
14221,NoButton,Drag,1934,808
14234,NoButton,Drag,1932,815
14247,NoButton,Drag,1929,820
14286,NoButton,Drag,1927,826
14299,NoButton,Drag,1927,828
14312,NoButton,Drag,1927,829
14351,NoButton,Drag,1927,829
14494,Left,Released,1927,829
14777,NoButton,Move,1926,829
14790,NoButton,Move,1919,826
14803,NoButton,Move,1887,814
14816,NoButton,Move,1869,807
14829,NoButton,Move,1830,791
14843,NoButton,Move,1778,771
14855,NoButton,Move,1676,739
14868,NoButton,Move,1555,716
14881,NoButton,Move,1425,702
14894,NoButton,Move,1293,702
14907,NoButton,Move,1165,707
14920,NoButton,Move,1051,719
14933,NoButton,Move,955,735
14946,NoButton,Move,886,743
14959,NoButton,Move,844,750
14984,NoButton,Move,835,751
15255,NoButton,Move,833,751
15269,NoButton,Move,829,751
15281,NoButton,Move,818,746
15295,NoButton,Move,796,736
15307,NoButton,Move,754,719
15320,NoButton,Move,738,714
15333,NoButton,Move,684,700
15346,NoButton,Move,668,697
15360,NoButton,Move,618,689
15373,NoButton,Move,606,689
15386,NoButton,Move,573,687
15399,NoButton,Move,551,687
15412,NoButton,Move,530,691
15426,NoButton,Move,514,696
15437,NoButton,Move,499,702
15451,NoButton,Move,485,711
15465,NoButton,Move,471,721
15476,NoButton,Move,461,729
15490,NoButton,Move,453,736
15503,NoButton,Move,445,743
15516,NoButton,Move,439,750
15529,NoButton,Move,433,756
15542,NoButton,Move,426,761
15554,NoButton,Move,421,767
15567,NoButton,Move,418,771
15580,NoButton,Move,414,774
15594,NoButton,Move,412,776
15607,NoButton,Move,409,781
15620,NoButton,Move,407,782
15633,NoButton,Move,406,784
15646,NoButton,Move,406,784
15659,NoButton,Move,405,785
15672,NoButton,Move,405,786
15685,NoButton,Move,404,788
15698,NoButton,Move,404,789
15711,NoButton,Move,404,791
15724,NoButton,Move,404,793
15737,NoButton,Move,404,793
15750,NoButton,Move,404,794
16034,Left,Pressed,404,794
16234,Left,Released,404,794
16830,NoButton,Move,404,796
16842,NoButton,Move,406,799
16855,NoButton,Move,409,806
16869,NoButton,Move,415,812
16881,NoButton,Move,420,818
16894,NoButton,Move,426,825
16907,NoButton,Move,431,831
16920,NoButton,Move,435,836
16933,NoButton,Move,439,840
16946,NoButton,Move,441,845
16960,NoButton,Move,442,847
16972,NoButton,Move,443,848
16985,NoButton,Move,443,849
16998,NoButton,Move,443,850
17011,NoButton,Move,444,850
17036,NoButton,Move,444,851
17102,NoButton,Move,444,851
17219,NoButton,Move,444,850
17554,Left,Pressed,444,850
17754,Left,Released,444,850
18691,NoButton,Move,963,540
18707,NoButton,Move,971,541
18707,NoButton,Move,983,542
18723,NoButton,Move,996,543
18738,NoButton,Move,1006,545
18754,NoButton,Move,1014,545
18773,NoButton,Move,1022,545
18786,NoButton,Move,1034,545
18799,NoButton,Move,1046,543
18812,NoButton,Move,1054,542
18825,NoButton,Move,1062,540
18838,NoButton,Move,1068,539
18851,NoButton,Move,1072,538
18864,NoButton,Move,1074,538
18877,NoButton,Move,1075,538
18890,NoButton,Move,1076,538
18903,NoButton,Move,1076,538
18930,NoButton,Move,1077,538
18942,NoButton,Move,1077,539
18955,NoButton,Move,1077,540
18968,NoButton,Move,1077,543
18981,NoButton,Move,1077,546
18994,NoButton,Move,1077,546
19007,NoButton,Move,1077,547
19020,NoButton,Move,1077,547
19059,NoButton,Move,1077,547
19292,Left,Pressed,1077,547
19491,Left,Released,1077,547
19667,NoButton,Move,1081,546
19677,NoButton,Move,1092,538
19690,NoButton,Move,1127,514
19703,NoButton,Move,1190,465
19716,NoButton,Move,1264,409
19729,NoButton,Move,1356,340
19742,NoButton,Move,1413,300
19755,NoButton,Move,1480,252
19768,NoButton,Move,1545,206
19781,NoButton,Move,1645,137
19794,NoButton,Move,1745,72
19807,NoButton,Move,1836,17
19820,NoButton,Move,1917,-34
19833,NoButton,Move,1989,-40
19846,NoButton,Move,1975,-31
19872,NoButton,Move,1937,-8
19885,NoButton,Move,1924,-3
19898,NoButton,Move,1920,-1
20118,Left,Pressed,1919,0
20318,Left,Released,1919,0
20618,NoButton,Move,1919,1
20631,NoButton,Move,1917,6
20644,NoButton,Move,1909,15
20657,NoButton,Move,1890,29
20671,NoButton,Move,1850,51
20683,NoButton,Move,1832,61
20696,NoButton,Move,1794,82
20709,NoButton,Move,1750,101
20722,NoButton,Move,1654,142
20736,NoButton,Move,1554,185
20748,NoButton,Move,1445,229
20762,NoButton,Move,1331,269
20774,NoButton,Move,1223,308
20787,NoButton,Move,1123,345
20801,NoButton,Move,1033,376
20813,NoButton,Move,954,404
20826,NoButton,Move,897,425
20839,NoButton,Move,856,440
20852,NoButton,Move,820,450
20865,NoButton,Move,801,456
20878,NoButton,Move,791,459
20891,NoButton,Move,785,460
20904,NoButton,Move,782,461
20917,NoButton,Move,780,461
20930,NoButton,Move,780,461
20943,NoButton,Move,780,460
20956,NoButton,Move,782,453
20969,NoButton,Move,798,434
20982,NoButton,Move,828,398
20995,NoButton,Move,877,343
21009,NoButton,Move,933,284
21022,NoButton,Move,997,218
21034,NoButton,Move,1058,157
21047,NoButton,Move,1117,98
21060,NoButton,Move,1166,57
21073,NoButton,Move,1197,32
21086,NoButton,Move,1221,17
21099,NoButton,Move,1230,12
21112,NoButton,Move,1238,9
21125,NoButton,Move,1247,7
21152,NoButton,Move,1255,5
21164,NoButton,Move,1258,5
21360,NoButton,Move,1258,5
21371,NoButton,Move,1257,5
21385,NoButton,Move,1254,5
21397,NoButton,Move,1248,8
21410,NoButton,Move,1238,12
21423,NoButton,Move,1226,17
21436,NoButton,Move,1210,22
21449,NoButton,Move,1188,29
21462,NoButton,Move,1168,36
21475,NoButton,Move,1149,43
21488,NoButton,Move,1131,51
21502,NoButton,Move,1116,57
21515,NoButton,Move,1108,61
21528,NoButton,Move,1099,64
21540,NoButton,Move,1094,66
21553,NoButton,Move,1084,68
21565,NoButton,Move,1076,71
21579,NoButton,Move,1069,73
21591,NoButton,Move,1062,74
21604,NoButton,Move,1056,76
21617,NoButton,Move,1050,76
21630,NoButton,Move,1047,77
21643,NoButton,Move,1044,77
21656,NoButton,Move,1042,77
21669,NoButton,Move,1039,77
21682,NoButton,Move,1037,78
21696,NoButton,Move,1035,78
21709,NoButton,Move,1034,78
21721,NoButton,Move,1033,78
21747,NoButton,Move,1032,78
21760,NoButton,Move,1032,78
21825,NoButton,Move,1031,78
21838,NoButton,Move,1030,78
21851,NoButton,Move,1030,78
21864,NoButton,Move,1029,78
21877,NoButton,Move,1028,78
21903,NoButton,Move,1028,79
22123,Left,Pressed,1028,79
22324,Left,Released,1028,79
22458,NoButton,Move,1030,78
22470,NoButton,Move,1039,75
22484,NoButton,Move,1047,73
22497,NoButton,Move,1057,70
22509,NoButton,Move,1070,68
22523,NoButton,Move,1095,63
22537,NoButton,Move,1124,59
22549,NoButton,Move,1155,55
22562,NoButton,Move,1184,50
22575,NoButton,Move,1208,46
22587,NoButton,Move,1229,40
22600,NoButton,Move,1245,37
22613,NoButton,Move,1256,33
22626,NoButton,Move,1263,31
22639,NoButton,Move,1269,30
22652,NoButton,Move,1271,30
22664,NoButton,Move,1272,30
22677,NoButton,Move,1273,30
22703,NoButton,Move,1274,30
22717,NoButton,Move,1274,30
22755,NoButton,Move,1274,30
22898,NoButton,Move,1274,30
23118,Left,Pressed,1274,30
23261,Left,Released,1274,30
23261,Left,Pressed,1274,30
23262,Left,Released,1274,30
23687,NoButton,Move,1273,30
23698,NoButton,Move,1269,30
23711,NoButton,Move,1259,30
23724,NoButton,Move,1242,30
23737,NoButton,Move,1219,32
23750,NoButton,Move,1195,32
23763,NoButton,Move,1183,33
23776,NoButton,Move,1171,33
23789,NoButton,Move,1160,34
23802,NoButton,Move,1142,34
23815,NoButton,Move,1125,35
23828,NoButton,Move,1113,36
23841,NoButton,Move,1102,36
23854,NoButton,Move,1094,37
23867,NoButton,Move,1088,38
23880,NoButton,Move,1085,38
23893,NoButton,Move,1085,38
23906,NoButton,Move,1084,38
23919,NoButton,Move,1084,38
24323,NoButton,Move,1082,38
24335,NoButton,Move,1079,39
24348,NoButton,Move,1076,39
24361,NoButton,Move,1072,40
24374,NoButton,Move,1071,40
24386,NoButton,Move,1069,40
24399,NoButton,Move,1064,41
24413,NoButton,Move,1058,42
24426,NoButton,Move,1054,43
24439,NoButton,Move,1048,44
24451,NoButton,Move,1045,44
24464,NoButton,Move,1044,44
24477,NoButton,Move,1044,44
24490,NoButton,Move,1043,44
24557,NoButton,Move,1043,44
24570,NoButton,Move,1043,45
24775,Left,Pressed,1043,45
24975,Left,Released,1043,45
27323,NoButton,Move,1043,46
27336,NoButton,Move,1046,51
27349,NoButton,Move,1052,61
27363,NoButton,Move,1064,77
27378,NoButton,Move,1083,99
27388,NoButton,Move,1092,108
27402,NoButton,Move,1102,118
27415,NoButton,Move,1113,130
27428,NoButton,Move,1139,156
27441,NoButton,Move,1158,177
27454,NoButton,Move,1169,189
27467,NoButton,Move,1178,198
27479,NoButton,Move,1187,206
27492,NoButton,Move,1194,213
27505,NoButton,Move,1199,218
27518,NoButton,Move,1200,220
27994,NoButton,Move,1197,217
28007,NoButton,Move,1184,201
28020,NoButton,Move,1154,153
28033,NoButton,Move,1122,94
28046,NoButton,Move,1087,15
28060,NoButton,Move,1051,-72
28072,NoButton,Move,1018,-87
28086,NoButton,Move,989,-84
28099,NoButton,Move,977,-34
28111,NoButton,Move,966,-40
28124,NoButton,Move,959,-27
28137,NoButton,Move,945,-64
28163,NoButton,Move,943,-12
28372,Left,Pressed,943,0
28571,Left,Released,943,0
33107,NoButton,Move,942,1
33120,NoButton,Move,939,6
33133,NoButton,Move,933,16
33146,NoButton,Move,929,25
33159,NoButton,Move,922,32
33172,NoButton,Move,915,40
33185,NoButton,Move,901,54
33198,NoButton,Move,881,69
33211,NoButton,Move,856,85
33224,NoButton,Move,830,98
33237,NoButton,Move,807,111
33250,NoButton,Move,787,118
33263,NoButton,Move,770,123
33276,NoButton,Move,755,125
33289,NoButton,Move,743,129
33302,NoButton,Move,732,130
33315,NoButton,Move,725,131
33328,NoButton,Move,720,131
33341,NoButton,Move,717,131
33354,NoButton,Move,715,131
33367,NoButton,Move,715,131
33380,NoButton,Move,714,131
33393,NoButton,Move,714,130
33406,NoButton,Move,713,128
33419,NoButton,Move,712,125
33432,NoButton,Move,712,119
33447,NoButton,Move,712,114
33459,NoButton,Move,712,107
33471,NoButton,Move,712,103
33484,NoButton,Move,712,97
33497,NoButton,Move,713,94
33510,NoButton,Move,714,91
33523,NoButton,Move,714,90
33536,NoButton,Move,716,89
33548,NoButton,Move,718,87
33562,NoButton,Move,722,87
33575,NoButton,Move,726,87
33588,NoButton,Move,732,90
33601,NoButton,Move,738,95
33614,NoButton,Move,742,99
33627,NoButton,Move,743,101
33640,NoButton,Move,744,102
33653,NoButton,Move,745,104
33666,NoButton,Move,746,105
33706,NoButton,Move,746,106
34181,Left,Pressed,746,106
34380,Left,Released,746,106
36436,NoButton,Move,744,106
36449,NoButton,Move,740,100
36462,NoButton,Move,733,92
36476,NoButton,Move,713,68
36489,NoButton,Move,689,38
36502,NoButton,Move,666,14
36514,NoButton,Move,644,-9
36527,NoButton,Move,626,-18
36540,NoButton,Move,611,-14
36553,NoButton,Move,597,-15
36566,NoButton,Move,585,-13
36579,NoButton,Move,575,-12
36592,NoButton,Move,569,-9
36605,NoButton,Move,566,-6
36617,NoButton,Move,563,-4
36631,NoButton,Move,562,-2
36643,NoButton,Move,560,-1
36656,NoButton,Move,560,-1
36670,NoButton,Move,559,-1
36683,NoButton,Move,559,0
36723,NoButton,Move,558,0
36775,NoButton,Move,558,-1
37481,NoButton,Move,558,0
37496,NoButton,Move,555,0
37506,NoButton,Move,548,0
37520,NoButton,Move,536,-1
37532,NoButton,Move,523,-3
37545,NoButton,Move,509,-6
37559,NoButton,Move,496,-7
37572,NoButton,Move,486,-6
37585,NoButton,Move,476,-3
37598,NoButton,Move,468,-2
37611,NoButton,Move,460,-2
37624,NoButton,Move,450,-2
37637,NoButton,Move,444,-2
37651,NoButton,Move,438,-2
37664,NoButton,Move,435,-1
37676,NoButton,Move,429,-4
37689,NoButton,Move,423,-6
37702,NoButton,Move,419,-8
37716,NoButton,Move,415,-16
37730,NoButton,Move,415,-19
37741,NoButton,Move,425,-35
37756,NoButton,Move,446,-45
37768,NoButton,Move,477,-51
37781,NoButton,Move,517,-54
37805,NoButton,Move,534,-17
37818,NoButton,Move,542,-7
37831,NoButton,Move,543,-1
48792,NoButton,Move,543,0
48803,NoButton,Move,543,1
48816,NoButton,Move,542,3
48829,NoButton,Move,541,5
48842,NoButton,Move,541,10
48854,NoButton,Move,540,15
48868,NoButton,Move,539,19
48881,NoButton,Move,538,25
48894,NoButton,Move,538,29
48907,NoButton,Move,538,35
48927,NoButton,Move,538,40
48938,NoButton,Move,542,62
48950,NoButton,Move,547,74
48960,NoButton,Move,552,93
48974,NoButton,Move,555,103
48985,NoButton,Move,562,127
48998,NoButton,Move,570,157
49011,NoButton,Move,581,189
49024,NoButton,Move,593,225
49037,NoButton,Move,609,271
49050,NoButton,Move,626,313
49063,NoButton,Move,643,357
49076,NoButton,Move,660,396
49089,NoButton,Move,672,429
49102,NoButton,Move,682,457
49115,NoButton,Move,688,474
49128,NoButton,Move,694,487
49140,NoButton,Move,700,499
49154,NoButton,Move,703,509
49167,NoButton,Move,706,516
49180,NoButton,Move,710,524
49193,NoButton,Move,714,533
49206,NoButton,Move,720,542
49219,NoButton,Move,724,548
49232,NoButton,Move,726,551
49245,NoButton,Move,727,553
49258,NoButton,Move,728,554
49270,NoButton,Move,728,554
49296,NoButton,Move,728,555
49375,NoButton,Move,729,555
49388,NoButton,Move,729,556
49401,NoButton,Move,729,557
49426,NoButton,Move,729,557
49440,NoButton,Move,729,558
49452,NoButton,Move,729,558
49466,NoButton,Move,732,560
49479,NoButton,Move,736,563
49491,NoButton,Move,741,566
49504,NoButton,Move,747,568
49517,NoButton,Move,752,568
49530,NoButton,Move,759,568
49543,NoButton,Move,768,565
49557,NoButton,Move,778,562
49570,NoButton,Move,793,556
49582,NoButton,Move,807,551
49595,NoButton,Move,824,545
49608,NoButton,Move,836,540
49622,NoButton,Move,849,533
49635,NoButton,Move,859,524
49647,NoButton,Move,869,511
49661,NoButton,Move,877,501
49673,NoButton,Move,885,493
49686,NoButton,Move,893,487
49700,NoButton,Move,898,483
49713,NoButton,Move,901,481
49726,NoButton,Move,901,481
49738,NoButton,Move,902,480
49751,NoButton,Move,903,480
49764,NoButton,Move,903,480
49778,NoButton,Move,904,479
49791,NoButton,Move,906,479
49803,NoButton,Move,906,479
49816,NoButton,Move,907,479
49829,NoButton,Move,907,479
49881,NoButton,Move,907,477
49894,NoButton,Move,902,475
49907,NoButton,Move,891,471
49920,NoButton,Move,877,470
49934,NoButton,Move,861,469
49946,NoButton,Move,842,469
49960,NoButton,Move,820,469
49974,NoButton,Move,797,471
49985,NoButton,Move,777,472
49999,NoButton,Move,767,473
50012,NoButton,Move,759,473
50025,NoButton,Move,750,473
50038,NoButton,Move,738,472
50051,NoButton,Move,726,470
50064,NoButton,Move,715,469
50076,NoButton,Move,704,468
50089,NoButton,Move,695,468
50102,NoButton,Move,688,467
50115,NoButton,Move,680,467
50129,NoButton,Move,673,467
50141,NoButton,Move,665,466
50154,NoButton,Move,658,464
50167,NoButton,Move,650,464
50180,NoButton,Move,643,463
50193,NoButton,Move,635,461
50206,NoButton,Move,628,460
50219,NoButton,Move,621,459
50232,NoButton,Move,618,458
50245,NoButton,Move,615,458
50258,NoButton,Move,612,457
50271,NoButton,Move,607,457
50284,NoButton,Move,604,456
50297,NoButton,Move,603,456
50310,NoButton,Move,602,456
50337,NoButton,Move,601,456
50362,NoButton,Move,601,456
50375,NoButton,Move,600,455
50387,NoButton,Move,600,455
50479,NoButton,Move,600,454
50530,NoButton,Move,600,454
50544,NoButton,Move,602,454
50557,NoButton,Move,607,453
50570,NoButton,Move,614,452
50582,NoButton,Move,623,451
50596,NoButton,Move,635,450
50609,NoButton,Move,646,449
50622,NoButton,Move,657,449
50635,NoButton,Move,666,448
50661,NoButton,Move,673,447
50674,NoButton,Move,676,447
52328,NoButton,Move,676,447
52340,NoButton,Move,674,447
52353,NoButton,Move,669,446
52366,NoButton,Move,661,446
52380,NoButton,Move,652,446
52393,NoButton,Move,640,446
52405,NoButton,Move,626,442
52418,NoButton,Move,613,438
52431,NoButton,Move,599,434
52444,NoButton,Move,592,431
52457,NoButton,Move,585,429
52483,NoButton,Move,578,428
52496,NoButton,Move,576,428
52742,Left,Pressed,576,428
52941,Left,Released,576,428
53421,NoButton,Move,577,428
53434,NoButton,Move,583,427
53447,NoButton,Move,595,427
53459,NoButton,Move,615,427
53472,NoButton,Move,646,429
53485,NoButton,Move,689,436
53498,NoButton,Move,737,450
53512,NoButton,Move,795,475
53524,NoButton,Move,818,486
53538,NoButton,Move,848,503
53550,NoButton,Move,877,522
53564,NoButton,Move,934,560
53576,NoButton,Move,967,584
53590,NoButton,Move,991,600
53602,NoButton,Move,1003,608
53615,NoButton,Move,1010,613
53628,NoButton,Move,1016,617
53641,NoButton,Move,1017,618
53654,NoButton,Move,1018,619
53667,NoButton,Move,1019,620
53693,NoButton,Move,1019,620
53706,NoButton,Move,1014,620
53720,NoButton,Move,1001,613
53733,NoButton,Move,979,597
53747,NoButton,Move,968,589
53760,NoButton,Move,952,578
53773,NoButton,Move,930,560
53785,NoButton,Move,883,524
53798,NoButton,Move,853,502
53837,NoButton,Move,845,498
54172,Left,Pressed,845,498
54373,Left,Released,845,498
54736,NoButton,Move,847,498
54749,NoButton,Move,852,500
54764,NoButton,Move,862,503
54775,NoButton,Move,874,509
54789,NoButton,Move,891,515
54801,NoButton,Move,911,525
54814,NoButton,Move,935,540
54827,NoButton,Move,962,554
54841,NoButton,Move,997,577
54853,NoButton,Move,1025,599
54866,NoButton,Move,1056,625
54880,NoButton,Move,1078,644
54892,NoButton,Move,1098,661
54905,NoButton,Move,1107,668
54918,NoButton,Move,1113,674
54931,NoButton,Move,1118,680
54945,NoButton,Move,1125,689
54958,NoButton,Move,1129,697
54971,NoButton,Move,1133,703
54984,NoButton,Move,1137,707
54997,NoButton,Move,1138,709
55009,NoButton,Move,1139,710
55024,NoButton,Move,1140,711
55036,NoButton,Move,1141,712
55049,NoButton,Move,1143,713
55061,NoButton,Move,1147,716
55075,NoButton,Move,1155,721
55087,NoButton,Move,1165,729
55101,NoButton,Move,1175,738
55113,NoButton,Move,1183,745
55127,NoButton,Move,1192,752
55140,NoButton,Move,1199,757
55153,NoButton,Move,1205,761
55165,NoButton,Move,1208,763
55192,NoButton,Move,1208,763
55204,NoButton,Move,1209,764
55424,NoButton,Move,1209,766
55437,NoButton,Move,1213,771
55450,NoButton,Move,1221,780
55464,NoButton,Move,1234,791
55476,NoButton,Move,1251,802
55489,NoButton,Move,1270,814
55502,NoButton,Move,1286,825
55515,NoButton,Move,1302,834
55529,NoButton,Move,1312,840
55541,NoButton,Move,1320,846
55554,NoButton,Move,1328,850
55568,NoButton,Move,1331,852
55581,NoButton,Move,1332,852
55593,NoButton,Move,1333,853
55606,NoButton,Move,1333,853
55619,NoButton,Move,1334,853
55633,NoButton,Move,1335,853
55737,NoButton,Move,1335,854
55777,NoButton,Move,1336,854
55789,NoButton,Move,1336,855
55815,NoButton,Move,1337,855
55854,NoButton,Move,1337,855
55867,NoButton,Move,1337,855
55880,NoButton,Move,1338,855
55906,NoButton,Move,1339,855
56150,Left,Pressed,1339,855
56351,Left,Released,1339,855
56590,NoButton,Move,1341,853
56600,NoButton,Move,1349,844
56613,NoButton,Move,1374,819
56626,NoButton,Move,1416,774
56639,NoButton,Move,1466,728
56652,NoButton,Move,1486,711
56665,NoButton,Move,1517,686
56678,NoButton,Move,1547,666
56704,NoButton,Move,1590,641
56718,NoButton,Move,1611,629
57071,NoButton,Move,1613,627
57081,NoButton,Move,1621,622
57093,NoButton,Move,1672,586
57104,NoButton,Move,1694,568
57116,NoButton,Move,1748,531
57129,NoButton,Move,1800,498
57142,NoButton,Move,1899,440
57155,NoButton,Move,1997,392
57181,NoButton,Move,1963,377
57194,NoButton,Move,1929,373
57207,NoButton,Move,1919,373
89040,NoButton,Move,1869,390
89053,NoButton,Move,1771,435
89065,NoButton,Move,1659,492
89078,NoButton,Move,1535,565
89091,NoButton,Move,1409,649
89104,NoButton,Move,1284,747
89117,NoButton,Move,1170,852
89131,NoButton,Move,1068,951
89143,NoButton,Move,990,1038
89158,NoButton,Move,957,1075
89182,NoButton,Move,951,1086
89195,NoButton,Move,942,1094
89429,NoButton,Move,941,1079
89442,NoButton,Move,931,1080
89462,NoButton,Move,895,1084
89473,NoButton,Move,812,1090
89482,NoButton,Move,711,1092
89492,NoButton,Move,648,1087
89506,NoButton,Move,517,1098
89518,NoButton,Move,437,1090
89532,NoButton,Move,307,1098
89545,NoButton,Move,227,1092
89558,NoButton,Move,104,1099
89570,NoButton,Move,-4,1105
89583,NoButton,Move,-86,1103
89596,NoButton,Move,-62,1100
89609,NoButton,Move,-39,1091
89622,NoButton,Move,-27,1089
89636,NoButton,Move,-16,1087
89648,NoButton,Move,-10,1084
89688,NoButton,Move,0,1080
89946,Left,Pressed,0,1079
90146,Left,Released,0,1079
94031,NoButton,Move,1,1076
94044,NoButton,Move,12,1057
94057,NoButton,Move,42,1011
94071,NoButton,Move,85,946
94083,NoButton,Move,136,873
94096,NoButton,Move,194,795
94109,NoButton,Move,259,718
94122,NoButton,Move,329,646
94135,NoButton,Move,392,587
94148,NoButton,Move,447,543
94174,NoButton,Move,479,523
94187,NoButton,Move,492,516
94200,NoButton,Move,498,514
94213,NoButton,Move,499,514
94407,NoButton,Move,498,514
94419,NoButton,Move,492,518
94432,NoButton,Move,481,520
94446,NoButton,Move,471,520
94459,NoButton,Move,464,520
94473,NoButton,Move,457,518
94487,NoButton,Move,448,515
94500,NoButton,Move,434,506
94511,NoButton,Move,419,492
94524,NoButton,Move,406,475
94537,NoButton,Move,390,444
94551,NoButton,Move,383,407
94562,NoButton,Move,381,355
94576,NoButton,Move,382,311
94589,NoButton,Move,388,264
94602,NoButton,Move,397,226
94615,NoButton,Move,405,194
94628,NoButton,Move,414,171
94641,NoButton,Move,419,159
94654,NoButton,Move,424,149
94667,NoButton,Move,427,145
94679,NoButton,Move,428,142
94692,NoButton,Move,429,141
94705,NoButton,Move,429,140
94718,NoButton,Move,430,140
94758,NoButton,Move,430,140
94771,NoButton,Move,430,143
94784,NoButton,Move,428,148
94797,NoButton,Move,424,155
94810,NoButton,Move,419,162
94822,NoButton,Move,414,169
94835,NoButton,Move,410,175
94848,NoButton,Move,404,182
94861,NoButton,Move,399,189
94874,NoButton,Move,392,197
94888,NoButton,Move,387,202
94901,NoButton,Move,384,205
94914,NoButton,Move,383,207
94927,NoButton,Move,382,207
94953,NoButton,Move,381,208
95017,NoButton,Move,381,209
95031,NoButton,Move,381,209
95083,NoButton,Move,380,209
95096,NoButton,Move,380,209
95147,NoButton,Move,379,209
95225,NoButton,Move,379,211
95239,NoButton,Move,379,216
95254,NoButton,Move,381,226
95264,NoButton,Move,384,239
95277,NoButton,Move,389,259
95290,NoButton,Move,393,280
95304,NoButton,Move,398,301
95317,NoButton,Move,402,319
95330,NoButton,Move,403,330
95343,NoButton,Move,405,337
95355,NoButton,Move,407,343
95368,NoButton,Move,407,346
95381,NoButton,Move,408,347
95395,NoButton,Move,409,348
95407,NoButton,Move,409,348
95420,NoButton,Move,410,349
95433,NoButton,Move,410,350
95447,NoButton,Move,411,350
95459,NoButton,Move,411,350
95486,NoButton,Move,413,351
95498,NoButton,Move,415,353
95705,Left,Pressed,415,353
95905,Left,Released,415,353
96103,NoButton,Move,417,354
96117,NoButton,Move,423,356
96130,NoButton,Move,432,358
96143,NoButton,Move,444,361
96156,NoButton,Move,455,365
96169,NoButton,Move,466,369
96181,NoButton,Move,478,372
96195,NoButton,Move,487,374
96208,NoButton,Move,498,379
96221,NoButton,Move,505,382
96233,NoButton,Move,514,387
96246,NoButton,Move,518,391
96259,NoButton,Move,524,396
96272,NoButton,Move,528,400
96288,NoButton,Move,530,401
96298,NoButton,Move,531,402
96311,NoButton,Move,531,402
96337,NoButton,Move,532,403
96376,NoButton,Move,533,404
96389,NoButton,Move,533,404
96402,NoButton,Move,534,405
96415,NoButton,Move,534,407
96428,NoButton,Move,535,407
96442,NoButton,Move,536,407
96455,NoButton,Move,536,408
96468,NoButton,Move,536,408
96481,NoButton,Move,537,408
96494,NoButton,Move,537,408
96508,NoButton,Move,539,409
96519,NoButton,Move,541,409
96534,NoButton,Move,543,409
96546,NoButton,Move,546,410
96560,NoButton,Move,549,410
96572,NoButton,Move,552,411
96585,NoButton,Move,554,411
96598,NoButton,Move,558,411
96611,NoButton,Move,563,413
96623,NoButton,Move,567,414
96636,NoButton,Move,570,415
96857,Left,Pressed,570,415
97057,Left,Released,570,415
98188,NoButton,Move,572,414
98201,NoButton,Move,581,405
98214,NoButton,Move,625,359
98227,NoButton,Move,695,292
98240,NoButton,Move,782,206
98253,NoButton,Move,884,107
98267,NoButton,Move,996,-2
98280,NoButton,Move,1068,-75
98295,NoButton,Move,1138,-74
98307,NoButton,Move,1207,-67
98319,NoButton,Move,1316,-99
98332,NoButton,Move,1419,-82
98345,NoButton,Move,1516,-65
98358,NoButton,Move,1600,-54
98371,NoButton,Move,1672,-42
98384,NoButton,Move,1720,-26
98396,NoButton,Move,1754,-16
98410,NoButton,Move,1776,-7
98436,NoButton,Move,1785,-3
98449,NoButton,Move,1791,-2
98911,NoButton,Move,1792,0
98925,NoButton,Move,1795,-3
98938,NoButton,Move,1804,-3
98951,NoButton,Move,1821,-9
98963,NoButton,Move,1853,-15
98976,NoButton,Move,1889,-15
98990,NoButton,Move,1941,-22
99003,NoButton,Move,1974,-22
99016,NoButton,Move,1942,-10
99029,NoButton,Move,1952,-12
99042,NoButton,Move,1942,-9
99054,NoButton,Move,1976,-18
99068,NoButton,Move,1957,-11
99081,NoButton,Move,1954,-11
99093,NoButton,Move,1944,-7
99107,NoButton,Move,1938,-6
99119,NoButton,Move,1934,-6
99146,NoButton,Move,1924,-2
99417,Left,Pressed,1919,0
99616,Left,Released,1919,0
100110,NoButton,Move,1914,3
100124,NoButton,Move,1897,15
100136,NoButton,Move,1857,40
100149,NoButton,Move,1805,79
100162,NoButton,Move,1740,125
100175,NoButton,Move,1670,173
100188,NoButton,Move,1597,221
100201,NoButton,Move,1524,265
100214,NoButton,Move,1498,282
100228,NoButton,Move,1458,303
100239,NoButton,Move,1424,321
100254,NoButton,Move,1346,363
100266,NoButton,Move,1285,392
100279,NoButton,Move,1230,419
100292,NoButton,Move,1185,438
100305,NoButton,Move,1140,460
100318,NoButton,Move,1104,478
100333,NoButton,Move,1072,494
100346,NoButton,Move,1051,506
100358,NoButton,Move,1035,515
100370,NoButton,Move,1024,521
100383,NoButton,Move,1015,526
100396,NoButton,Move,1009,529
100422,NoButton,Move,1009,530
100674,NoButton,Move,1009,531
100684,NoButton,Move,1012,534
100693,NoButton,Move,1018,537
100706,NoButton,Move,1027,542
100719,NoButton,Move,1046,557
100732,NoButton,Move,1074,578
100745,NoButton,Move,1106,610
100758,NoButton,Move,1138,644
100771,NoButton,Move,1170,678
100784,NoButton,Move,1181,690
100797,NoButton,Move,1193,704
100810,NoButton,Move,1201,713
100823,NoButton,Move,1213,727
100836,NoButton,Move,1221,735
100849,NoButton,Move,1227,742
100862,NoButton,Move,1231,748
100875,NoButton,Move,1235,754
100888,NoButton,Move,1238,759
100901,NoButton,Move,1239,761
100915,NoButton,Move,1239,762
100929,NoButton,Move,1239,762
100966,NoButton,Move,1240,763
101044,NoButton,Move,1240,763
101058,NoButton,Move,1244,764
101070,NoButton,Move,1252,766
101083,NoButton,Move,1263,769
101097,NoButton,Move,1278,777
101109,NoButton,Move,1294,786
101122,NoButton,Move,1306,797
101135,NoButton,Move,1316,807
101148,NoButton,Move,1325,815
101161,NoButton,Move,1330,819
101174,NoButton,Move,1331,820
101469,NoButton,Move,1332,821
101482,NoButton,Move,1332,822
101495,NoButton,Move,1334,824
101509,NoButton,Move,1335,826
101521,NoButton,Move,1338,831
101534,NoButton,Move,1340,836
101547,NoButton,Move,1341,841
101562,NoButton,Move,1342,842
101575,NoButton,Move,1342,843
101586,NoButton,Move,1343,845
101600,NoButton,Move,1343,845
101613,NoButton,Move,1343,846
101626,NoButton,Move,1343,847
101742,NoButton,Move,1343,847
101975,Left,Pressed,1343,847
102175,Left,Released,1343,847
102514,NoButton,Move,1338,845
102527,NoButton,Move,1319,835
102541,NoButton,Move,1284,813
102554,NoButton,Move,1241,786
102566,NoButton,Move,1190,751
102581,NoButton,Move,1143,717
102594,NoButton,Move,1099,676
102605,NoButton,Move,1065,635
102620,NoButton,Move,1040,589
102646,NoButton,Move,1040,570
102657,NoButton,Move,1041,560
104073,NoButton,Move,1041,560
104082,NoButton,Move,1041,560
104093,NoButton,Move,1037,562
104106,NoButton,Move,1026,565
104119,NoButton,Move,996,574
104132,NoButton,Move,953,585
104145,NoButton,Move,908,595
104158,NoButton,Move,858,602
104171,NoButton,Move,803,604
104184,NoButton,Move,746,604
104197,NoButton,Move,696,600
104209,NoButton,Move,652,596
104222,NoButton,Move,611,592
104235,NoButton,Move,597,591
104249,NoButton,Move,585,590
104262,NoButton,Move,577,589
104275,NoButton,Move,566,588
104288,NoButton,Move,560,588
104301,NoButton,Move,555,587
104314,NoButton,Move,555,587
104326,NoButton,Move,555,585
104339,NoButton,Move,557,580
104353,NoButton,Move,566,572
104366,NoButton,Move,583,560
104381,NoButton,Move,607,548
104391,NoButton,Move,638,534
104404,NoButton,Move,677,519
104417,NoButton,Move,713,503
104430,NoButton,Move,752,486
104443,NoButton,Move,788,474
104483,NoButton,Move,799,470
104495,NoButton,Move,805,469
104766,Left,Pressed,805,469
104966,Left,Released,805,469
105702,Left,Pressed,805,469
105902,Left,Released,805,469
109737,Left,Pressed,805,469
109826,NoButton,Drag,805,468
109840,NoButton,Drag,806,468
109878,Left,Released,806,468
109930,NoButton,Move,806,468
109944,NoButton,Move,807,468
369737,NoButton,Move,960,556
370073,Left,Pressed,960,556
370191,Left,Released,960,556
370310,NoButton,Move,965,555
370327,NoButton,Move,986,552
370336,NoButton,Move,1003,551
370349,NoButton,Move,1012,551
370361,NoButton,Move,1013,551
370375,NoButton,Move,1014,551
370762,Left,Pressed,1014,551
370941,Left,Released,1014,551
370969,NoButton,Move,1031,534
370982,NoButton,Move,1094,484
370995,NoButton,Move,1166,442
371008,NoButton,Move,1185,442
371021,NoButton,Move,1204,442
371034,NoButton,Move,1211,442
371047,NoButton,Move,1212,442
371073,NoButton,Move,1212,442
371086,NoButton,Move,1250,435
371099,NoButton,Move,1308,425
371112,NoButton,Move,1356,417
371138,NoButton,Move,1356,417
371151,NoButton,Move,1354,417
371164,NoButton,Move,1353,418
371323,Left,Pressed,1353,418
371523,Left,Released,1353,418
373475,Left,Pressed,1353,418
373674,Left,Released,1353,418
374131,Left,Pressed,1353,418
374197,Left,Released,1353,418
374235,NoButton,Move,1367,431
374248,NoButton,Move,1406,462
374261,NoButton,Move,1440,492
374274,NoButton,Move,1440,493
374287,NoButton,Move,1440,494
374313,NoButton,Move,1440,494
374326,NoButton,Move,1440,495
374339,NoButton,Move,1438,496
374352,NoButton,Move,1432,497
374365,NoButton,Move,1428,497
374378,NoButton,Move,1426,497
374392,NoButton,Move,1376,528
374404,NoButton,Move,1319,566
374417,NoButton,Move,1257,609
374600,NoButton,Move,1254,609
374614,NoButton,Move,1248,609
374625,NoButton,Move,1240,609
374639,NoButton,Move,1233,609
374652,NoButton,Move,1224,609
374664,NoButton,Move,1206,609
374677,NoButton,Move,1191,609
374690,NoButton,Move,1183,609
374703,NoButton,Move,1178,609
374716,NoButton,Move,1172,609
374729,NoButton,Move,1171,609
374924,Left,Pressed,1171,609
375125,Left,Released,1171,609
377079,NoButton,Move,1171,608
377090,NoButton,Move,1171,606
377104,Left,Pressed,1171,606
377305,Left,Released,1171,606
380731,Left,Pressed,1171,606
380874,Left,Released,1171,606
380884,NoButton,Move,1175,605
380897,NoButton,Move,1186,605
380910,NoButton,Move,1208,607
380923,NoButton,Move,1219,610
380937,NoButton,Move,1227,613
380949,NoButton,Move,1231,624
380962,NoButton,Move,1233,641
380975,NoButton,Move,1233,652
380988,NoButton,Move,1233,652
381001,NoButton,Move,1233,653
381273,NoButton,Move,1234,654
381285,NoButton,Move,1235,658
381298,NoButton,Move,1233,675
381311,NoButton,Move,1226,695
381324,NoButton,Move,1224,701
381436,NoButton,Move,1224,702
381446,NoButton,Move,1223,703
381456,NoButton,Move,1218,709
381467,NoButton,Move,1215,714
381480,NoButton,Move,1203,723
381493,NoButton,Move,1181,739
381506,NoButton,Move,1130,771
381519,NoButton,Move,1089,796
381532,NoButton,Move,1076,803
381545,NoButton,Move,1065,809
381558,NoButton,Move,1058,811
381571,NoButton,Move,1048,813
381584,NoButton,Move,1042,814
381597,NoButton,Move,1040,814
381610,NoButton,Move,1038,813
381623,NoButton,Move,1038,811
381636,NoButton,Move,1038,802
381649,NoButton,Move,1039,795
382154,NoButton,Move,1039,795
382164,NoButton,Move,1039,793
382177,NoButton,Move,1036,789
382190,NoButton,Move,1031,779
382203,NoButton,Move,1026,771
382216,NoButton,Move,1024,764
382229,NoButton,Move,1023,753
382242,NoButton,Move,1027,724
382255,NoButton,Move,1030,708
382268,NoButton,Move,1041,685
382281,NoButton,Move,1062,655
382294,NoButton,Move,1081,627
382307,NoButton,Move,1147,566
382320,NoButton,Move,1229,500
382333,NoButton,Move,1359,401
382346,NoButton,Move,1537,268
382809,Left,Pressed,1537,268
382898,Left,Released,1537,268
382900,NoButton,Move,1531,268
382913,NoButton,Move,1522,270
382926,NoButton,Move,1505,272
382939,NoButton,Move,1495,273
382952,NoButton,Move,1487,274
382965,NoButton,Move,1482,275
382978,NoButton,Move,1472,277
382991,NoButton,Move,1465,278
383004,NoButton,Move,1461,280
383017,NoButton,Move,1458,281
383030,NoButton,Move,1456,282
383044,NoButton,Move,1456,282
383056,NoButton,Move,1454,283
383069,NoButton,Move,1453,285
383082,NoButton,Move,1451,287
383095,NoButton,Move,1449,290
383108,NoButton,Move,1445,295
383121,NoButton,Move,1439,304
383134,NoButton,Move,1434,311
383147,NoButton,Move,1430,318
383160,NoButton,Move,1426,326
383173,NoButton,Move,1418,341
383186,NoButton,Move,1408,359
383199,NoButton,Move,1402,367
383212,NoButton,Move,1396,376
383225,NoButton,Move,1382,390
383238,NoButton,Move,1367,404
383251,NoButton,Move,1346,423
383264,NoButton,Move,1335,435
383277,NoButton,Move,1324,447
383290,NoButton,Move,1315,456
383303,NoButton,Move,1309,465
383316,NoButton,Move,1287,492
384253,Left,Pressed,1287,492
384454,Left,Released,1287,492
385330,NoButton,Move,1289,487
385342,NoButton,Move,1293,477
385355,NoButton,Move,1309,452
385369,NoButton,Move,1316,439
385382,NoButton,Move,1327,422
385395,NoButton,Move,1336,405
385408,NoButton,Move,1351,376
385421,NoButton,Move,1359,358
385434,NoButton,Move,1362,350
385446,NoButton,Move,1365,345
385460,NoButton,Move,1366,344
385473,NoButton,Move,1366,342
385486,NoButton,Move,1367,342
385499,NoButton,Move,1368,341
385537,NoButton,Move,1368,340
385616,NoButton,Move,1369,340
386195,Left,Pressed,1369,340
386270,Left,Released,1369,340
386272,NoButton,Move,1369,339
386286,NoButton,Move,1368,333
386298,NoButton,Move,1367,327
386312,NoButton,Move,1366,320
386324,NoButton,Move,1365,313
386337,NoButton,Move,1365,301
386350,NoButton,Move,1364,274
386362,NoButton,Move,1362,249
386376,NoButton,Move,1362,239
386389,NoButton,Move,1362,232
386401,NoButton,Move,1362,226
386414,NoButton,Move,1362,220
386428,NoButton,Move,1363,214
386440,NoButton,Move,1364,211
386455,NoButton,Move,1365,209
387020,NoButton,Move,1365,206
387033,NoButton,Move,1365,202
387046,NoButton,Move,1365,200
387059,NoButton,Move,1364,198
387072,NoButton,Move,1364,195
387086,NoButton,Move,1363,191
387099,NoButton,Move,1363,189
387111,NoButton,Move,1363,188
387164,NoButton,Move,1363,188
387176,NoButton,Move,1363,194
387190,NoButton,Move,1363,199
387203,NoButton,Move,1363,207
387216,NoButton,Move,1359,228
387229,NoButton,Move,1343,288
387242,NoButton,Move,1319,363
387255,NoButton,Move,1310,386
387268,NoButton,Move,1297,419
387281,NoButton,Move,1282,451
387294,NoButton,Move,1251,522
387307,NoButton,Move,1227,580
387320,NoButton,Move,1218,600
387333,NoButton,Move,1207,623
387346,NoButton,Move,1200,636
387358,NoButton,Move,1186,660
387371,NoButton,Move,1178,670
387386,NoButton,Move,1174,676
387398,NoButton,Move,1171,680
387411,NoButton,Move,1171,680
387618,Left,Pressed,1171,680
387819,Left,Released,1171,680
388119,NoButton,Move,1174,673
388132,NoButton,Move,1179,662
388145,NoButton,Move,1186,651
388171,NoButton,Move,1196,636
388582,NoButton,Move,1197,636
388595,NoButton,Move,1197,636
388998,NoButton,Move,1198,635
389032,Left,Pressed,1198,635
389232,Left,Released,1198,635
389338,NoButton,Move,1205,629
389347,NoButton,Move,1219,614
389356,NoButton,Move,1250,585
389368,NoButton,Move,1308,531
389757,Left,Pressed,1308,531
389957,Left,Released,1308,531
392867,NoButton,Move,1311,535
393157,NoButton,Move,958,541
393164,Left,Pressed,958,541
393255,Left,Pressed,958,541
393346,NoButton,Drag,958,543
393357,Left,Released,958,543
393359,NoButton,Move,956,551
393373,NoButton,Move,950,565
393385,NoButton,Move,948,574
393398,NoButton,Move,948,574
393491,NoButton,Move,951,571
393504,NoButton,Move,975,545
393518,NoButton,Move,1004,514
393530,NoButton,Move,1065,460
393543,NoButton,Move,1101,432
393556,NoButton,Move,1182,371
393569,NoButton,Move,1234,331
393583,NoButton,Move,1251,318
393595,NoButton,Move,1265,308
393609,NoButton,Move,1275,304
393621,NoButton,Move,1286,299
393634,NoButton,Move,1292,298
393648,NoButton,Move,1293,298
393660,NoButton,Move,1293,301
393673,NoButton,Move,1283,319
393686,NoButton,Move,1249,363
393700,NoButton,Move,1237,378
393713,NoButton,Move,1226,390
393726,NoButton,Move,1219,398
393738,NoButton,Move,1208,409
393764,NoButton,Move,1202,416
393802,NoButton,Move,1202,415
393815,NoButton,Move,1207,412
393829,NoButton,Move,1213,409
393843,NoButton,Move,1221,406
393856,NoButton,Move,1224,404
393868,NoButton,Move,1226,404
393894,NoButton,Move,1223,411
393906,NoButton,Move,1201,440
393920,NoButton,Move,1158,485
393933,NoButton,Move,1127,516
393947,NoButton,Move,1101,540
393959,NoButton,Move,1086,554
393972,NoButton,Move,1078,560
393985,NoButton,Move,1075,562
393997,NoButton,Move,1075,562
394010,NoButton,Move,1075,560
394024,NoButton,Move,1086,544
394036,NoButton,Move,1127,495
394049,NoButton,Move,1161,460
394062,NoButton,Move,1195,432
394075,NoButton,Move,1205,425
394089,NoButton,Move,1214,418
394102,NoButton,Move,1217,417
394114,NoButton,Move,1218,416
394127,NoButton,Move,1218,416
394140,NoButton,Move,1212,427
394153,NoButton,Move,1189,455
394167,NoButton,Move,1167,481
394180,NoButton,Move,1158,490
394192,NoButton,Move,1152,497
394205,NoButton,Move,1147,502
394218,NoButton,Move,1142,507
394232,NoButton,Move,1141,508
394244,NoButton,Move,1140,508
394283,NoButton,Move,1140,507
394297,NoButton,Move,1143,504
394309,NoButton,Move,1148,499
394322,NoButton,Move,1152,494
394335,NoButton,Move,1155,491
394348,NoButton,Move,1158,489
394361,NoButton,Move,1160,488
394375,NoButton,Move,1161,488
394387,NoButton,Move,1162,487
394401,NoButton,Move,1163,487
394762,Left,Pressed,1163,487
394962,Left,Released,1163,487
396429,NoButton,Move,1164,485
396441,NoButton,Move,1167,478
396454,NoButton,Move,1173,468
396468,NoButton,Move,1177,459
396480,NoButton,Move,1182,448
396494,NoButton,Move,1187,439
396507,NoButton,Move,1191,431
396520,NoButton,Move,1197,424
396533,NoButton,Move,1212,410
396546,NoButton,Move,1262,362
396559,NoButton,Move,1281,346
396894,NoButton,Move,1282,343
396907,NoButton,Move,1283,341
396920,NoButton,Move,1284,337
396932,Left,Pressed,1284,337
397133,Left,Released,1284,337
397382,Left,Pressed,1284,337
397582,Left,Released,1284,337
401097,NoButton,Move,1284,336
401109,NoButton,Move,1284,335
401122,Left,Pressed,1284,335
401188,NoButton,Drag,1287,333
401197,NoButton,Drag,1289,333
401206,NoButton,Drag,1297,323
401216,NoButton,Drag,1302,316
401227,Left,Released,1302,316
401241,NoButton,Move,1348,270
401691,NoButton,Move,1349,270
401703,NoButton,Move,1351,268
402090,Left,Pressed,1351,268
402290,Left,Released,1351,268
402636,NoButton,Move,1353,266
402645,NoButton,Move,1354,265
402654,NoButton,Move,1361,256
402667,NoButton,Move,1382,232
402680,NoButton,Move,1441,171
402693,NoButton,Move,1463,146
402719,NoButton,Move,1524,82
403143,NoButton,Move,1525,81
403156,NoButton,Move,1528,76
403169,NoButton,Move,1536,66
403182,NoButton,Move,1555,39
403195,NoButton,Move,1615,-28
403208,NoButton,Move,1708,-88
403221,NoButton,Move,1817,-92
403234,NoButton,Move,1882,-53
403248,NoButton,Move,1934,-41
403261,NoButton,Move,1971,-37
403273,NoButton,Move,2003,-64
403286,NoButton,Move,1994,-49
403299,NoButton,Move,1938,-11
403312,NoButton,Move,1943,-13
403325,NoButton,Move,1930,-6
403339,NoButton,Move,1938,-9
403352,NoButton,Move,1926,-4
403365,NoButton,Move,1923,-2
403377,NoButton,Move,1921,-1
403390,NoButton,Move,1922,0
403404,NoButton,Move,1919,-1
403416,NoButton,Move,1920,0
403443,NoButton,Move,1919,0
403469,NoButton,Move,1919,0
403482,NoButton,Move,1909,1
403494,NoButton,Move,1877,7
403507,NoButton,Move,1864,11
403520,NoButton,Move,1849,12
403533,NoButton,Move,1830,14
403546,NoButton,Move,1786,18
403560,NoButton,Move,1770,18
403573,NoButton,Move,1753,18
403586,NoButton,Move,1740,18
403599,NoButton,Move,1727,18
403611,NoButton,Move,1716,17
403624,NoButton,Move,1706,15
403637,NoButton,Move,1696,14
403650,NoButton,Move,1686,11
403663,NoButton,Move,1679,9
403676,NoButton,Move,1675,8
403689,NoButton,Move,1671,6
403703,NoButton,Move,1669,6
403716,NoButton,Move,1666,5
403729,NoButton,Move,1665,5
403742,NoButton,Move,1665,5
403757,NoButton,Move,1664,5
403806,NoButton,Move,1664,5
403820,NoButton,Move,1664,5
403833,NoButton,Move,1667,5
403846,NoButton,Move,1670,5
403859,NoButton,Move,1674,5
403871,NoButton,Move,1682,4
403885,NoButton,Move,1698,4
403898,NoButton,Move,1718,2
403911,NoButton,Move,1728,2
403924,NoButton,Move,1734,2
403937,NoButton,Move,1740,2
403950,NoButton,Move,1748,2
403963,NoButton,Move,1752,2
403976,NoButton,Move,1754,2
403989,NoButton,Move,1755,2
404002,NoButton,Move,1759,2
404017,NoButton,Move,1761,2
404029,NoButton,Move,1764,2
404048,NoButton,Move,1766,2
404059,NoButton,Move,1769,2
404069,NoButton,Move,1774,2
404080,NoButton,Move,1775,2
404093,NoButton,Move,1777,2
404106,NoButton,Move,1778,3
404119,NoButton,Move,1783,5
404132,NoButton,Move,1786,5
404145,NoButton,Move,1787,6
404158,NoButton,Move,1788,7
404172,NoButton,Move,1790,7
404184,NoButton,Move,1790,7
404197,NoButton,Move,1791,8
404210,NoButton,Move,1791,8
404223,NoButton,Move,1791,8
404236,NoButton,Move,1792,10
404249,NoButton,Move,1793,10
404262,NoButton,Move,1793,11
404274,NoButton,Move,1794,11
404484,NoButton,Move,1794,11
404495,Left,Pressed,1794,11
404695,Left,Released,1794,11
405052,NoButton,Move,1787,19
405062,NoButton,Move,1769,36
405074,NoButton,Move,1751,54
405198,NoButton,Move,1751,54
405207,NoButton,Move,1749,54
405216,NoButton,Move,1747,54
405229,NoButton,Move,1744,54
405242,NoButton,Move,1742,54
405255,NoButton,Move,1740,54
405268,NoButton,Move,1738,54
405280,NoButton,Move,1733,50
405293,NoButton,Move,1731,45
405306,NoButton,Move,1727,38
405320,NoButton,Move,1727,30
405333,NoButton,Move,1727,23
405346,NoButton,Move,1727,16
405358,NoButton,Move,1729,12
405371,NoButton,Move,1731,9
405385,NoButton,Move,1732,8
405398,NoButton,Move,1732,8
405410,NoButton,Move,1732,20
405424,NoButton,Move,1717,98
405831,NoButton,Move,1695,176
405840,NoButton,Move,1670,192
405849,NoButton,Move,1630,219
405861,NoButton,Move,1546,276
405874,NoButton,Move,1533,284
405888,NoButton,Move,1506,301
405947,NoButton,Move,1502,304
405956,NoButton,Move,1501,305
405965,NoButton,Move,1499,307
405979,NoButton,Move,1494,310
405992,NoButton,Move,1488,313
406309,NoButton,Move,1484,315
406320,NoButton,Move,1482,316
406329,NoButton,Move,1478,317
406340,NoButton,Move,1478,317
406379,Left,Pressed,1478,317
406481,Left,Released,1478,317
406484,Left,Pressed,1478,317
406684,Left,Released,1478,317
406751,NoButton,Move,1471,321
406760,NoButton,Move,1468,321
406769,NoButton,Move,1448,329
406780,NoButton,Move,1407,344
406792,NoButton,Move,1368,359
406805,NoButton,Move,1313,382
406820,NoButton,Move,1228,415
406833,NoButton,Move,1149,446
406844,NoButton,Move,1056,489
406857,NoButton,Move,969,529
406870,NoButton,Move,884,572
406884,NoButton,Move,801,617
406897,NoButton,Move,713,662
406909,NoButton,Move,579,736
406922,NoButton,Move,458,802
406936,NoButton,Move,402,838
406949,NoButton,Move,359,863
406962,NoButton,Move,313,893
406975,NoButton,Move,238,944
406987,NoButton,Move,186,983
407001,NoButton,Move,171,995
407027,NoButton,Move,165,999
407375,NoButton,Move,165,1000
407387,NoButton,Move,160,1001
407401,NoButton,Move,146,1009
407414,NoButton,Move,136,1012
407427,NoButton,Move,125,1016
407440,NoButton,Move,107,1024
407452,NoButton,Move,40,1056
407465,NoButton,Move,14,1069
407478,NoButton,Move,-25,1090
407492,NoButton,Move,-35,1099
407505,NoButton,Move,-35,1099
407518,NoButton,Move,-51,1110
407531,NoButton,Move,-51,1111
407544,NoButton,Move,-84,1138
407557,NoButton,Move,-30,1103
407570,NoButton,Move,-30,1102
407583,NoButton,Move,-20,1092
407596,NoButton,Move,-38,1106
407609,NoButton,Move,-17,1091
407622,NoButton,Move,-8,1085
407635,NoButton,Move,-5,1084
407648,NoButton,Move,-6,1083
407662,NoButton,Move,-10,1085
407674,NoButton,Move,-12,1089
407687,NoButton,Move,-6,1084
407700,NoButton,Move,-6,1084
407713,NoButton,Move,-2,1082
407725,NoButton,Move,-2,1081
407740,NoButton,Move,0,1079
408510,NoButton,Move,0,1079
408523,NoButton,Move,0,1079
408535,NoButton,Move,2,1079
408548,NoButton,Move,6,1079
408562,NoButton,Move,13,1075
408574,NoButton,Move,21,1071
408588,NoButton,Move,26,1068
408601,NoButton,Move,28,1068
408614,NoButton,Move,30,1067
408627,NoButton,Move,32,1066
408639,NoButton,Move,33,1065
408653,NoButton,Move,34,1065
408666,NoButton,Move,34,1064
408678,NoButton,Move,34,1064
408705,NoButton,Move,35,1064
408744,NoButton,Move,35,1063
408770,NoButton,Move,36,1063
408782,NoButton,Move,36,1062
408796,NoButton,Move,36,1061
408809,NoButton,Move,36,1061
408822,NoButton,Move,36,1060
408862,NoButton,Move,36,1060
408874,NoButton,Move,36,1060
408900,NoButton,Move,35,1059
408913,NoButton,Move,33,1058
408926,NoButton,Move,32,1058
408952,NoButton,Move,32,1058
409288,Left,Pressed,32,1058
409489,Left,Released,32,1058
409866,NoButton,Move,34,1056
409880,NoButton,Move,38,1052
409893,NoButton,Move,41,1047
409906,NoButton,Move,46,1044
409918,NoButton,Move,56,1039
409931,NoButton,Move,64,1036
409944,NoButton,Move,72,1033
409957,NoButton,Move,75,1031
409970,NoButton,Move,80,1027
409983,NoButton,Move,87,1022
409997,NoButton,Move,101,1009
410010,NoButton,Move,113,998
410022,NoButton,Move,119,992
410035,NoButton,Move,123,987
410048,NoButton,Move,128,985
410061,NoButton,Move,134,982
410074,NoButton,Move,136,980
410088,NoButton,Move,138,979
410102,NoButton,Move,139,979
410115,NoButton,Move,140,978
410127,NoButton,Move,141,978
410139,NoButton,Move,141,978
410153,NoButton,Move,142,978
410192,NoButton,Move,142,978
410204,NoButton,Move,143,978
410217,NoButton,Move,143,978
410230,NoButton,Move,144,978
410243,NoButton,Move,145,979
410257,NoButton,Move,146,980
410270,NoButton,Move,149,984
410282,NoButton,Move,151,986
410295,NoButton,Move,152,988
410308,NoButton,Move,152,990
410321,NoButton,Move,147,995
410334,NoButton,Move,139,999
410347,NoButton,Move,125,1004
410360,NoButton,Move,104,1008
410373,NoButton,Move,85,1012
410387,NoButton,Move,57,1015
410400,NoButton,Move,28,1020
410413,NoButton,Move,-31,1030
410438,NoButton,Move,-12,1033
410451,NoButton,Move,-6,1035
410903,NoButton,Move,0,1036
410915,NoButton,Move,0,1037
410928,NoButton,Move,0,1041
410941,NoButton,Move,0,1044
410954,NoButton,Move,0,1045
410967,NoButton,Move,0,1047
410979,NoButton,Move,1,1047
410993,NoButton,Move,1,1048
411215,Right,Pressed,1,1048
411265,Right,Released,1,1048
411831,NoButton,Move,10,1041
411845,NoButton,Move,23,1031
411859,NoButton,Move,40,1018
411871,NoButton,Move,49,1013
411885,NoButton,Move,56,1008
411898,NoButton,Move,65,1002
411909,NoButton,Move,78,993
411922,NoButton,Move,89,985
411935,NoButton,Move,95,981
411948,NoButton,Move,99,978
411961,NoButton,Move,100,978
411975,NoButton,Move,101,977
411988,NoButton,Move,102,976
412001,NoButton,Move,103,976
412027,NoButton,Move,103,976
412091,NoButton,Move,104,975
412723,NoButton,Move,107,975
412736,NoButton,Move,119,975
412749,NoButton,Move,137,975
412762,NoButton,Move,147,975
412775,NoButton,Move,156,975
412788,NoButton,Move,166,975
412801,NoButton,Move,184,975
412814,NoButton,Move,203,975
412827,NoButton,Move,212,975
412840,NoButton,Move,220,975
412853,NoButton,Move,227,975
412866,NoButton,Move,235,975
412879,NoButton,Move,243,975
412892,NoButton,Move,248,975
412905,NoButton,Move,251,975
412918,NoButton,Move,256,975
412931,NoButton,Move,265,975
412944,NoButton,Move,275,975
412957,NoButton,Move,281,975
412970,NoButton,Move,284,975
412983,NoButton,Move,284,975
412996,NoButton,Move,288,975
413009,NoButton,Move,294,975
413022,NoButton,Move,306,975
413035,NoButton,Move,314,975
413048,NoButton,Move,321,975
413061,NoButton,Move,326,975
413074,NoButton,Move,331,977
413086,NoButton,Move,336,979
413100,NoButton,Move,336,981
413114,NoButton,Move,337,981
413127,NoButton,Move,337,981
413140,NoButton,Move,338,982
413153,NoButton,Move,338,982
413428,Left,Pressed,338,982
413627,Left,Released,338,982
